Want to work at MedExpress? We're #hiring in #Cloverleaf, TX! Click for details: https://t.co/LTMtEiGjEg #urgentcare #CustomerService #Job
Praying 4 Texas! #HurricaneHarvey
52k people without power across the Coastal Bend. #hurricaneHarvey
Holy shit this is so scary üò≠ #hurricaneharvey #category4 #harvey17 https://t.co/hEgmBUylTb
Trappistes Rochefort 10 &amp; Montecristo No 2.. @ San Antonio, Texas https://t.co/slTHlnZTN5
Everyone in South Texas, that will get hit by #HurricaneHarvey, Please be careful and be safe!
Some #jab while I ride out #HurricaneHarvey #Harvey2017  @joshabbottband
Dear #HurricaneHarvey - me and @_dreagarcia just want to move in, my dude #ut21 :'/
Hurricane Harvey hippity hoppin &amp; hurlin' through Huston! #HurricaneHarvey  https://t.co/8frl3BZYEJ https://t.co/CIBerNJHBP
#PrayersforTexas #HurricaneHarvey just became a cattery 4 storm. It's gonna hit pretty hard.
Given #POTUS 's track record of incompetence, I have a feeling we're going to WISH we had Helluva-Job-Brownie for #HurricaneHarvey
Stay safe y'all - watching #HurricaneHarvey make landfall from afar best wishes from #Australia #USA #Texas #HurricaineHarvey https://t.co/gDMLBZW4du
#HurricaneHarvey
#Harvey evoluciona a categor√≠a 4 en Texas; se localiza a 220 km al nor-noreste de Matamoros y vientos de 215 km/hr. | #Tamaulipas. https://t.co/rvjPPbQSZq
i always say how i hate corpus but fuck am i attached to this place. please keep us in your thoughts #HurricaneHarvey
Before Harvey @ The Beach on North Padre Island https://t.co/MjcjUg9aM5
https://t.co/ATrO25oP7N  #AskShawnSignature #HurricaneHarvey #UberIceCream #PlayersWeekend Buckingham Palace Brussels Pierre Marchan 14
Our prayers are with the people on the Gulf Coast and in Texas tonight. #HurricaneHarvey
Pray for all in Category 4 #HurricaneHarvey path https://t.co/3jbng1r2fD
#BREAKING: At least 52,000 people are without power across the Coastal Bend.

#HurricaneHarvey #Harvey
In #HurricaneHarvey path? Pease get to high ground asap. Many prayed 4 rain during the drought, now the universe is answering in abundance.
What a dumbass. This isn't a reality show! #HurricaneHarvey #IdiotInChief https://t.co/IqO1cDpBrk
Thursday night, waiting on Harvey. #damnyouharvey @ Oak Cliff Place, Houston, Texas https://t.co/yZJHN38yKv
Weather permitting, we'll be opening at 8am tomorrow! #hurricaneharvey
"I AM W/ MY‚Ä¶ https://t.co/CGjJ2sv4N6
Prayers for Texas.üôè Sending you love and light from Florida. Stay safe and evacuate! #Harvey2017 #HurricaneHarvey #Texas #Harvey #hurricane
Stay safe y'all 
#HurricaneHarvey
Still here praying for #texas #HarveyStorm https://t.co/VcF9otDgjH
Ready for all this rain to hit, prayers to all in the direct path and surrounding areas of #HurricaneHarvey
@cpsenergy it's not raining in the I-10/boerne stage area...can we get power until it does?! #HurricaneHarvey
Several news channels have confirmed, #Harvey has upgraded to Cat 4. https://t.co/ZJHMzRPzey
#LCTVinc crew in Houston with ABC NewsOne covering #HurricaneHarvey https://t.co/0CpCKWQL5T
#Harvey continues to strengthen a bit, down to 940 mbs, according to recon https://t.co/6Ei0SiKKbk
@MarcusMoorewfaa #DFW residents and @wfaachannel8 viewers thank you for covering #HurricaneHarvey. You're in our thoughts. #TexasStrong
@FoxNews I never understand why the weatherman need to be sent at ground zero of #HurricaneHarvey to prove that it is bad in Texas. We believe you!!
Sorry for anyone affected from #HurricaneHarvey 
Love you 
Stay safe
We're praying for our fellow friends &amp; family who have evacuated, &amp; especially those who have stayed in Corpus #HurricaneHarvey #AquaTotsCC
Texas at this moment: #HurricaneHarvey https://t.co/TndnpmQkns
Want to work in #CincoRanch, TX? View our latest opening: https://t.co/b8D3JP7juk #Nurse #RN #Nursing #Veterans #Job #Jobs #Hiring
Beast about to make landfall in the Gulf. Hope everybody in its path is hunkered down and stays dry. #HurricaneHarvey, Cat 4. #txwx #goes16 https://t.co/z3TeNJB8QY
https://t.co/rwIOAvtuBz (the red is for anyone who lives in the counties that had mandatory evac and decided to stay) #HurricaneHarvey https://t.co/pQ39Xi4cSe
Mayor of Victoria, Texas (pop. 60,000) tells CNN despite evacuation orders he thinks 65% of people in his town stayed. Yikes. #Harvey
Prayers for Texas and anyone in the way of Category 4 Hurricane Harvey! üò≥ Some great islands off the Texas coastline! üò•#HurricaneHarvey
@mynameTRISH_hoe At least I see someone is about to have a good time during #harvey
Hurricane Harvey update with our üêà on the scene Apollo. Harvey now a üêà 4 hurricane. @ Roger‚Ä¶ https://t.co/2dFWOeYltg
CryoTexas is closing tomorrow due to the storm. When we post updates on social media, on our‚Ä¶ https://t.co/4SscKsAyry
Nala is pretty nervous so far about the lack of rain. #harvey #rhodesianridgeback @ Foundation‚Ä¶ https://t.co/ZoL3H49oOT
Hurricane Harvey set to move ashore late Friday https://t.co/cIjerkz7Ug
Made em both fit with a little room left for my chair. There may or‚Ä¶ https://t.co/EHEdOLJpfX
@Mx_WallBuster @kylegriffin1 Succinct interpretation of Prez ..."good luck" #Impeach #Incompetent #HurricaneHarvey
Tonight at @thebeerplant in Tarrytown. 7-9, have a beer, keep the signature #hisignbrewing glass‚Ä¶ https://t.co/IacacVLGuK
President Taking Advantage of #hurricaneharvey Devastation to Hide!Signed Memo To Ban Transgenders From Serving Tell Congress #impeachtrump https://t.co/Dfxr7BRVFu
.@Jeff_Piotrowski on #Periscope: Damaging winds now Hurricane Harvey.#txwx #hurricaneharvey https://t.co/0XXys6YNKh
#HurricaneHarvey coming like https://t.co/IPuD5tzhQt
Stay safe in Texas. #HurricaneHarvey
Can anyone explain why @realDonaldTrump has not declared a federal disaster for the state of Texas? @MSNBC @CNN @fema Anyone!!!!! #Harvey
#HurricaneHarvey could bring "life-threatening inundation" to Texas https://t.co/8Q2st2O3Dd via @HuffPostGreen
Mistakes have the power to turn you into something better than you were before‚Ä¶ https://t.co/UPTtMvOR5E
üòÇ trying to make light of the situation @ Refugio, Texas https://t.co/yN4a9hD3Nu
One for all and all for one! #rhodesianridgebacksofinstagram @ Northwest Hills - Far West,‚Ä¶ https://t.co/gcLZ0Jv23d
Indians' Miller won't throw for 5 to 7 days https://t.co/pCgUWfvfn3
Vegan Tostados!! üåÆ
......
#whatveganseat #vegantostados #hurricanefood #theLehmanLife @ Austin,‚Ä¶ https://t.co/P5V4E3t8tZ
Epic clouds yesterday on our way to Houston  #HurricaneHarvey #staysafeoutthere @ Wharton, Texas https://t.co/AXPcxa9Yat
Booln
#Dinner.
#waggyubeef  with peppers; Hungarian, cubanella, carribe, 10-15 sweet onion, black +‚Ä¶ https://t.co/pJwuDFq51Z
Order Thrive this weekend and get $25 off your first purchase AND a free starter pack. Ding me‚Ä¶ https://t.co/fJebtIQYMV
Yasss! We are ready! #margaritas #vodka #triplesec #tequila‚Ä¶ https://t.co/HbLqCCUQGV
Ready for #hurricaneharvey #houston #montrose #texaa @ The Susanne https://t.co/UqUDvsePPz
This was from Tropical Storm Allison some yeas  ago.  Now let's‚Ä¶ https://t.co/CItTpTfl3k
This was from Tropical Storm Allison some years ago.  Now let's‚Ä¶ https://t.co/CItTpTfl3k
Definitely prepared for the hurricane @MarieDennise #hurricane #hurricaneharvey #htx #houston‚Ä¶ https://t.co/M2RP0AtYb5
@eddiegarcia09 #HurricaneHarvey Cat 4 now!!! https://t.co/SYu21YzuzL
@RexTilllerson More like to give you an idea how fast #HurricaneHarvey is, it's faster than @realDonaldTrump showing us his taxes!
@TwitterMoments #HurricaneHarvey https://t.co/GFmrNxLZNF https://t.co/aWXySP0Zot
Hope this hurricane only Kills Niggers. Us White folks HAVE to stick together!

#HurricaneHarvey  #Harvey #Hurricane  #WhiteisPure
https://t.co/e7JYHCcEha
#msnbc 
#HurricaneHarvey 
Just OFF SHORE
Harvey!! #hurricaneharvey #newfamilymember #goldenretriever https://t.co/DulEnIn8ku
People of #Texas be safe y'all. #HurricaneHarvey is a category 4. Winds up to 130 mph. To All be safe!
.@bgibbs &amp; I give you the lowdown on how #HurricaneHarvey cld hit #SanAntonio's @MySAWS &amp; @cpsenergy. https://t.co/3DX1IDrR15 @ExpressNews
I encourage everyone to contact your local officials and ask them what you can do to help the #HurricaneHarvey refugees coming to our area.
BREAKING: #HurricaneHarvey is beginning to make landfall
Hurricane Katrina, that devastated New Orleans in 2005, was a Category 5 storm. #hurricaneharvey https://t.co/ajCvfv82tE
You know the hurricane is bad when @CNN takes a break from covering fake trump need to talk only about the storm #HurricaneHarvey
Our thoughts and prayers go out to all that are in the path of #HurricaneHarvey. To help, please contact @RedCross
https://t.co/YTSewaJgOq https://t.co/jaAaC3GwxH
In other news, wine sales seem to be on the rise #HurricaneHarvey
67kts / 77mph sustained with wind gust to 88kts / 102mph at ANPT2 station off the coast of Port Aransas. #TXwx #HurricaneHarvey. https://t.co/zwHJ9hPfdY
It's 79F in #Galveston w thunderstorm &amp;  23.04mph winds, 94% humidity #Harvey https://t.co/0ylz5ZOEhy
Hats off to our local heroes.  Help them out by avoiding unsafe situations.  #HurricaneHarvey https://t.co/wP7A66Hpsk
Im in the middle of #HurricaneHarvey #Harvey2017 and the only thing im worried about is if I'll be able to watch @DavidDobrik vlog
Thoughts to all affected by Hurricane Harvey #HurricaneHarvey
Good luck, Texas. Stay safe!  #HurricaneHarvey
Wind is picking up, sky is grey &amp; dumping rain down on us while we wait on #HurricaneHarvey to grace us with his presence. #BeSafeSTexas https://t.co/VkrdPlO7xe
Our prayers are with Texas. Things can be replaced but lives can't. Stay safe! #Harvey https://t.co/HrW6W2gmwm
At this rate school will be cancelled before it even starts #HurricaneHarvey
#Harvey now cat 4. Winds 130 mph. Landfall imminent east of Corpus Christi, TX. Torrential rain expected in TX from Harvey through Tuesday
7:00 PM CDT Fri Aug 25
 Location: 27.8¬∞N 96.8¬∞W
 Moving: NW at 8 mph
 Min pressure: 941 mb
 Max sustained: 130 mph
New update #Harvey2017 https://t.co/rYTIzHq7bD
Do you even Pez? #HurricaneHarvey
#HurricaneHarvey https://t.co/xWK0TFq4x1
Well that's it my wife got her call to head to Rockport for relief efforts. How did they know I needed relief. #HurricaneHarvey
A picture from my cousin in Austin, TX as outer bands from #Harvey approach bringing rain. #tx #austin https://t.co/HyjHQIlulf
#Harvey : Cat√©gorie 4 = vent soutenu &gt; 210 km/h https://t.co/UiJoWzpVo2
It's 79F in #Galveston w thunderstorm &amp;  23.04mph winds, 94% humidity #Harvey https://t.co/pqy6B77m32
Oups, @CNN a appuy√© sur ¬´publier¬ª trop rapidement..! #Harvey2017 #HurricaneHarvey https://t.co/Wy15X76Igw
@Delta need info about flight change possibilities/options to texas due to #hurricaneharvey
This is our first big natural disaster in the age of twitter #Harvey
(1/2) It's dark outside, and the wind is audible from inside our solid brick house. #HurricaneHarvey #CCTX #STXWX
#HurricaneHarvey Saying prayers for Corpus Christi  and Galveston.  As a #FLnative I know #LucifersHammer when I see it. Bad eye wall. Duck
Bring it on, #HurricaneHarvey 
@Fritolay https://t.co/dJD3MT6B5J
Pray for all of those in South Texas, that they will stay safe during Hurricane Harvey. #hurricaneharvey https://t.co/D6VgELeaIt
Badai #Harvey menguat mjd badai kategori EMPAT.@RadioElshinta @SindotrijayaFM @RRI @beritaKBR https://t.co/xnzky6JL6U
#HurricaneHarvey is beating down on our operations in Ft Bend Texas. We have moved the fleet and our thoughts and prayers are with #Texas.
Unauthorized #drone operators may be subject to significant fines for interfering with #HurricaneHarvey response. https://t.co/83DL2pvCL5 https://t.co/BhPehtMrLJ
I have no shame about proposing budget cuts to FEMA and NOAA. If I can use this to make myself look "presidential" I will. #HurricaneHarvey https://t.co/uY8WGJKU3S
Industries prepare for #Harvey
#AtlasOil https://t.co/EXp1txiGzb
This is scary I hope everyone that's here right now is safe and protected.  #HurricaneHarvey
My forecast of #HurricaneHarvey becoming cat4 was right it looks like.
Supper Time (@ Garcia's Restaurant in San Marcos, TX) https://t.co/yJKwdtEIVS
#HurricaneHarvey: Storm Gathers Strength, Now a Category 4  https://t.co/BOS0drDJOL
Ava evacted #Harvey @rklein1010  @alyssakleinxx https://t.co/CTTgHYzZnf
Interested in a #job in #NewBraunfels, TX? This could be a great fit: https://t.co/1xUIqBbeg6 #Franchise #Restaurant #Hiring
The latest The https://t.co/Vn9t6ZfwXx Daily! https://t.co/I1SyIfifPP Thanks to @dabitch @DeutschInc #thewalkingdead #hurricaneharvey
Couldn't make it to the planned spot, so we'll have a drink here and then shelter at home. #staysafe #harvey... https://t.co/TRnCekY5ee
Meanwhile moron wannabe WX geeks are watching #Harvey like https://t.co/ggiFjybln9
https://t.co/z7ipqeHsPr  #HurricaneHarvey #YoSoyT48 Trump I-10 East #PlayersWeekend #5HVevoLive Edelman #AskShawnSignature Sea of Ja 68
Watch Live #HurricaneHarvey in Houston, Texas TREES DOWN, POWER OUTTAGES, WATCH LIVE HERE: https://t.co/rvzIlfTUpE
#HurricaneHarvey #CorpusChristi #justbringit https://t.co/rVq22AmcEs
I'm having flashbacks frI'm Hurricane Katrina #HurricaneHarvey
Congratulations to  #hurricaneharvey on your big day growing up! Cat 4! https://t.co/MixYbzUiMx
@eddiegarcia09 #HurricaneHarvey 2 days evolution! https://t.co/Bb1xo1dOOB
Here's the latest #Harvey radar. Now a category 4 hurricane, expected to make landfall in a matter of hours. https://t.co/vChUYBp4z4
@StuntBirdArmy torso is better -- arms can come off #HurricaneHarvey
The aftermath of #HurricaneHarvey is going to be devastating and will last month's may be years. https://t.co/h7N6bbB4eO
y'all in Texas, please be careful ‚ù§Ô∏è #HurricaneHarvey
I pray they stay safe then as we have family and friends down there as well. #HurricaneHarvey https://t.co/qzGgC75ec7
Be sure to have back-up medications &amp; refills in case doctor‚Äôs offices are closed #Harvey #TropicalStorm #Hurricane https://t.co/79aBjqqsMa
Power outrage here were we are at. Just riding out this goddamn hurricane. Screw you #HurricaneHarvey. Everyone ple‚Ä¶ https://t.co/EuLsstg5NK
#Trump says he's watching #HurricaneHarvey. Well, I feel safer. So long Texas, it's been nice knowing you.
Family, friends, and followers in #Houston, please be safe during #HurricaneHarvey.
Not a drop of rain in downtown #SanAntonio as #HurricaneHarvey's clouds come in https://t.co/g2iE0RPHAp
#Harvey has really slowed down  #txwx https://t.co/P7KREhCvZN
A dangerous #HurricaneHarvey is now a category 4 storm with gusts to 155 MPH.
@realDonaldTrump There was a girl in college we all called #HurricaneHarvey. She really blew, if you know what I mean. Ooooooooh!
Set for #Harvey https://t.co/ZlKMOtCQTG
We United Methodists @UMChurch are praying for those in Texas and Louisiana,those in direct path of #HurricaneHarvey https://t.co/4YQaHVw3FX
Efecto #Harvey

As√≠ llega el hurac√°n Harvey con categor√≠a 4 a las costas texanas. No por nada se le considera... https://t.co/f2GRuOz625
@NICHONASRI Texas is just took a pounding #HurricaneHarvey https://t.co/YsuxIeV4Eb
This is what happens when they stall in the Gulf. They get unpredictably strong. #HurricaneHarvey  https://t.co/pSgKSMvemB
The eye of #HurricaneHarvey is abt 16 miles off shore. Looks like the worst portion will hit Port Aransas and Rockport, #Texas. https://t.co/bAn1ScADox
Prayers to all those in SE Texas. Wouldn't wish a storm like this on anyone. #HurricaneHarvey
BREAKING FAKE NEWS: Cruise ships rerouted to Gilligan's Island. Welcoming committee on high alert  #HurricaneHarvey https://t.co/rLB2t9sM3P
#HurricaneHarvey  you know youre part of a mexican family when https://t.co/CW3esULVgO
Busy man while we're all distracted with #Harvey. https://t.co/AuXN8NkNPQ
To all NCTzen near the Gulf of Mexico,  please stay safeüôèüôèüôè #HurricaneHarvey
Me when the wind starts picking up #HurricaneHarvey #Harvey2017 https://t.co/8q1K10UEpD
#HurricaneHarvey

The following Geographic Area of Interest has been established: 
The Texas counties of KLEBERG,... https://t.co/eHG8PKzSnu
@WillMcAvoyACN Hoping everybody'll be distracted with #Harvey
Historic storm 
https://t.co/rGD0LFzLaS #Harvey
LOOKING TO BOOST YOUR #FOLLOWERS ?
üå† https://t.co/WPFuKN1XnY üå†
 #HurricaneHarvey #SomeLovers #StayingUp @mavamu61 @JavierFryee
Major portion of the proceeds donated to #RedCross in #Texas #HurricaneHarvey #hurricaneharvey2017 #supportTexas https://t.co/HT3bt1Z8tH
Keeping everyone in the path of  #HurricaneHarvey in my prayers tonight and over the next few days. https://t.co/v9VG7P0O1L
Rice Krispy Treats kimberlydawnhall style for #hurricaneharvey #yum #onlytexansunderstand‚Ä¶ https://t.co/TkBbGNuuA2
Prayers for our brothers and sisters. #HurricaneHarvey üôèüôèüôè
What storm?

#hurricaneharvey @ Steven David's Urban Balance feat. DDP Yoga https://t.co/dRzwIvjLKU
#HurricaneHarvey devastates TX so @realDonaldTrump hides behind the hurricane and pardons Joe A. and bands trans from the military. Coward!
SS number on arm?  Now that's sobering, &amp; smart.  #HurricaneHarvey

https://t.co/R2glYTWnAW
K I'm stressed now #HurricaneHarvey https://t.co/oFrLmzY2Tu
Prayers to Texas! #GoAway #Harvey.
@JerrySisco Yes it was. Poor souls back then generally didn't know it was coming. Be safe. Stay alert. #Prepare #Harvey
Talk about #TrumpChicken! Did he think #HurricaneHarvey would keep us from noticing his #FridayNewsDump? What a snake. #ImpeachTrump https://t.co/uW8yLhyHsx
My heart goes out to Texas and the surrounding areas affected by #HurricaneHarvey https://t.co/66oZ0bxKDS
#HurricaneHarvey set to hit TX coast as a Cat. 4 - the first in the continental US since 2004 and in TX since 1961 https://t.co/UzbsLRgT6A
8 PM. #Harvey is a C4. This is a disaster in the making, possibly rivaling Ike. https://t.co/Yrud5XsWot
@statesman Re: #Harvey are prisoners evacuated from areas under mandatory evacuation orders?
@traciethoms Yeah that he is. #45 is using #HurricaneHarvey as a distraction and getting all this dirty work done while the news cycles all cover Harvey.
#update #hurricane #hurricaneharvey #weather #storms #corpuschristi #texas #hometown #family‚Ä¶ https://t.co/JfgXCiZark
See those dark spots in the middle of #HurricaneHarvey? Those are tropical birds trapped in the eye. #sad https://t.co/6mBny9n8uk
A normal human with more than five brain cells would be at the WH assessing #HurricaneHarvey. Trump cares more about pardoning a criminal.
@HerzogWeather @Ginger_Zee Thank God @realDonaldTrump doesn't think Global Warming is real. Doug Henning would be impressed by the magic that turned #Harvey so fast.
Trump pardoned Arpaio. It's his way of getting the news cycle back on him. He's jealous of #HurricaneHarvey #ImpeachTrumpNow
God keep Texas in your loving hands this entire weekend! #HurricaneHarvey
@realDonaldTrump You just showed how much you promote racism and racists. Instead of pardons and banning maybe focus on #HurricaneHarvey üñï
@kimcoles I will be hunkered down surviving #Harvey!!
Please stay safe all our friends and family in path of  #Harvey #family
Ya'll Texans are in my thoughts and prayers this weekend. Stay safe. Go inside. #HurricaneHarvey üòòüò≠
hurricane harvey 2017 
https://t.co/isrxcYQMqC 
#HurricanHarvey 
#HurricaneHarvey
#Harvey2017 
#Harvey
 #nowplaying
Yo this is getting scary fr. Cat 4? Be safe everyone #Harvey
Steve Harvey hurricane #HurricaneHarvey https://t.co/mvAf4DVMi6
#HurricaneHarvey slams into the #US state of #Texas as a Category 4 hurricane.
Strongest hurricane in a decade to strike the #UnitedStates https://t.co/ez9v5LO1pW
@realDonaldTrump talks to the people in #HurricaneHarvey's path as if he's breaking up with them!Declare a nat'l emergency you Whitewalker! https://t.co/v8TQ5AzL51
Right! I guess being a real life president is just too hard for @POTUS so he should quit! #HurricaneHarvey #ImpeachTrump https://t.co/jxASc59DSK
Anyway down for some 8-Ball, since I can't leave the house because of #hurricaneharvey?üé± @‚Ä¶ https://t.co/2s8MVuUC3C
Hurricane Ready! 

#manortx #beer #hurricaneharvey #texas @ Manor, Texas https://t.co/5boaNMuSPf
I regret not shopping on Wednesday #hurricaneharvey https://t.co/7SV34CGyjt
@GeraldoRivera @brithume #HurricaneHarvey #RedCross 
If you donate, retweet, "I donated for my fellow Americans". Urge others to help!! https://t.co/WIgNoT6i88
#Harvey is here @KeneseLambert https://t.co/64oIbWMVu8
@realDonaldTrump monitoring #Harvey and pardons a Racist!  Thanks for the distraction!!
The latest Bosshard Surveying Daily News! https://t.co/acFHecWlcF #hurricaneharvey
Can today get even more crazy? Trump does all kinds of crazy things again, #HurricaneHarvey becoms a category 4, #NorthKorea fires missiles
Prayers for back home, Corpus Christi be safeüôèüèΩüåä #HurricaneHarvey
#hurricaneharvey https://t.co/CicwVsSlLT
Sending positive thoughts to everyone affected by Harvey. Please stay safe! #harvey #staysafe https://t.co/EHRfXJvwvg
#GOES16 longwave IR band showing a very concentric eye. Simultaneously beautiful and terrifying. #Harvey https://t.co/UN7jlgZOfZ
#√öltimaHora - momentos antes de tocar tierra #Harvey es un muy poderoso hurac√°n categor√≠a 4 con vientos de 215 km/h. https://t.co/tqqiWgMMpB
Prayers for Texasüôèüèæ #HurricaneHarvey
God bless Texas and protect everyone in the path of #HurricaneHarvey https://t.co/JI7NiTuYOI
The #Harvey coverage reminds me how thankful I am to have moved out of #JerseyCity #ontohigherground
It's gonna hurt #hurricaneharvey
I can't imagine by babying being moved to another NICU. #heartbreaking #staysafe #HurricaneHarvey #nicumom https://t.co/UHkvSmbQ9J
#Hurricane #Harvey is now a Category 4: https://t.co/qLBK9PmLKh #Weather #Flooding #Flashflood #Flood https://t.co/DBKEhLKdXo
my city is expected to get 20'' of rain in two days i am very nervous i'm evacuating soon #harvey
I'm reading that there are check points from immigration officials right now during #HurricaneHarvey. That is the shittest and most inhumane
White the US's monitoring #HurricaneHarvey, Kim goes ballistic again with 3 missiles into the sea of Japan.
Hope everyone in the path of #HurricaneHarvey stays safe. The @HomeDepot team is working hard to help those in need.
https://t.co/ZFiKeabnPW https://t.co/Ku3nr7D4yg
When #HurricaneHarvey is making the tv make scary noises and #OtherMom isn't home I guess I'm an ok substitute to the other #cat in my life. https://t.co/7eCrUEFH1F
This better be the only damn hurricane I have to deal with this semester... #harvey #hurricaneharvey
He "!" the MPH like its a #funfact in a third graders report on hurricanes... while people are in real danger #deluded 
#HurricaneHarvey https://t.co/LXxYPZWOCn
Meanwhile in the #GulfOfMexico #huricaine #Harvey is hitting land #BeSafe  #Texas https://t.co/ULoOoGKYEl
Ready for the storm!  We HOPE! Chicken houses secured.  Drainage ditches, dug.  Fingers and toes‚Ä¶ https://t.co/0JTDSifIKY
Cerveza Artesanal en Last Stand Brewing Company https://t.co/UkA0fMOgYo
So I guess I don't even know what meet I'm lifting in lol... looked like good pauses to me‚Ä¶ https://t.co/VtOkwBHvBJ
Last Sunday's scotch egg from nativehostels. With that sweet #crosssection. #scotchegg @ Native‚Ä¶ https://t.co/tTLzzfp9jQ
Her hair games has stepped up by 100 percent üî•
#houstonhair #houstonhairstylist #balayage #ombre‚Ä¶ https://t.co/OOuImzi5M2
Just posted a photo @ Southeast Houston, Houston, Texas https://t.co/Mbo21LYva6
Be on high alert. Hurricane Harvey is now a dangerous Category 4 storm. Be extra careful out‚Ä¶ https://t.co/2RbZI8vEYP
Made it thank G-d ‚ú°Ô∏èüïç Shabbat shalom (@ Beth Yeshurun in Houston, TX) https://t.co/foUKG6bUxB
Helping hands. Shot #OnAssignment for the @laura_skelding #HurricaneHarvey #Harvey‚Ä¶ https://t.co/AA2MNHns2Y
Sometimes  u have to take it one Step up a notch .....I'm willing  to show my work ,put it out‚Ä¶ https://t.co/3zqWzhue9Y
Run from this storm as fast as you can. #harvey #category4 #notajoke @ Corpus Christi, Texas https://t.co/XflsT5LAnN
Drinking a Balmorhea by @bigbendbrewing @ Cullum's Attagirl ‚Äî https://t.co/oYVKO40xL8 #photo
Back again getting needed groceries thru @shipt for an area family. Huge lines but @heb staff is amazing!... https://t.co/7o6x36qbzY
Update on hurricane Harvey with our üêà on the scene Apollo. @ Roger Deards Texas BBQ and All‚Ä¶ https://t.co/gKXzbGhI4M
üòÅüòÅüòÅ @ Half Price Books https://t.co/RBYKDCkFcm
#HurricaneHarvey is getting mean.üò° It's now a #Category4 storm Expect landfall about 8-9 pm -variable. https://t.co/UKUPIVt3XH
There's something missing at this closed beach: #ChrisChristie
#Harvey2017 #HurricaneHarvey 
https://t.co/yG5IU7z5YS
thinking of our friends in the Diocese of West Texas, and their beautiful conference center in‚Ä¶ https://t.co/suDMZsdlUb
Don't fall @JimCantore !! Hang on to that @RawlingsSports batting helmet and stay upright! #HurricaneHarvey #Cantore #JimCantore #wind
The calm before the storm. #Harvey #cnnweather @ The Alamo https://t.co/flQrlK3yk3
Houston sky before the rain. @ Downtown Houston https://t.co/ja8zE8W46t
Riding out the storm in style hurricaneharvey_ @ BOW WOW BATHS https://t.co/ZeIPe8EHSW
See our latest #Laredo, TX #job and click to apply: CDL or No CDL? Doesn't Matter. We Train, We Hire -... - https://t.co/wnv92EwtG0
After 18 hours lecture and some yummy #texmex food, we are finally heading home to #Madison‚Ä¶ https://t.co/CO6PBqB2Mz
We will not be open tomorrow for the brunch due to hurricane warning ‚ö†Ô∏è 
.
.
.
.
.
#RussianHouse‚Ä¶ https://t.co/Kh3oYCe26M
I cleaned my palette b4 hand... (Beer Camp Across the World Thai-Style Iced Tea Ale (2017)) https://t.co/n95FjXIhgv #photo
Look at that flash. 

Visit my Etsy store at https://t.co/HUpmZblj2n

#handmade‚Ä¶ https://t.co/Z4neyla7DF
To those who live in the cities that will be in the path of #HurricaneHarvey 
I wish you all luck. Try to stay safe. And dry, too.
Hurricane Harvey is now a category 4. Oh my god. It's happening.... #HurricaneHarvey https://t.co/1wjLbNu7hr
@Whataburger when #HurricaneHarvey rolls in we add you to our food prep! I can go without power not Whataburger  #prayfortexas https://t.co/gTWvjPxjxy
@jpaulreed @robbkidd @SonOfGarr @nicolefv @ladyhock @scottnasello I wish I was cool...
Please read my post, The Anchor ‚öìÔ∏è üíó‚öìÔ∏è - Edition 20!  TIA. #anchoredinhope #breastcancerwarrior‚Ä¶ https://t.co/nkk4WsoAFI
See our latest #Houston, TX #job and click to apply: SENIOR PLAN ANALYST - https://t.co/ItwPkhvt9M #BusinessMgmt #Hiring #CareerArc
"That's all you got?" -Rob
#hurricaneharvey2017 #hurricaneparty #rockyoulikeahurricane @ The‚Ä¶ https://t.co/C1FEEdbnvq
Hurricane Ike 2008. @ Houston, Texas https://t.co/GBeDPkCL7M
So good!! Nice roasted coffee with chocolate. - Drinking a Hotbox Coffee Porter @ Cullum's Attagirl - https://t.co/EQYw52FK6z #photo
When you find one more bag of Fritos and they are ranch flavored...‚Ä¶ https://t.co/BCmF7g4HpZ
Beef fajitas at Escalante's #HarveypostponedColdplayConcert #HurricaneHarvey @ Escalante's‚Ä¶ https://t.co/tERr9JYyhM
I am looking for a renter on 15935 Kings Cypress Lane #Cypress #TX  #realestate https://t.co/sbzOk5O3dm https://t.co/bDOOF3LFQx
Well, our 1st power outage of this fun storm and we haven't hardly gotten anything. @ River's‚Ä¶ https://t.co/EBdmMoTXnI
I love #Texas üòÇ #hurricaneharvey @ San Antonio, Texas https://t.co/I1SzTfeElc
Guess where, and with who? @ Guero's Taco Bar https://t.co/DkB8a6rCUA
@parkerpolhill üî•üî•üî•#wasted @ Austin, Texas https://t.co/nEtreIuqH4
Smiles from beer to beer.  Guess the chain. @ San Antonio, Texas https://t.co/xrGhbaNb3N
#HurricaneHarvey is looking like that one anime character no one took seriously until he got a massive power boost.From Tropical ‚õà to Cat. 4 https://t.co/vBohJX04Yr
I really feel for these weather reporters out in hurricane weather. #HurricaneHarvey
@FOX4 Can't blame them for being more scared of @dallascowboys than #Harvey
Damage increasing from #HurricaneHarvey on the city's Southside: one resident said a trampoline almost hit his home but was caught on fence.
setting up to
play #vinylrecords tonight at @theflathouston (@fxboxolmos &amp; _melodic_ join‚Ä¶ https://t.co/Q4h0C1QJ3k
Le quiero dar las gracias a Dios por aver dejado a mi abuela hermosa‚Ä¶ https://t.co/9avxhbgYXR
WaPo Blames #Harvey on Climate Change https://t.co/hfe952A3fh via @scrowder
Cannot put into words how angry I am right now. To do this while we are dealing w #HurricaneHarvey in Texas. What a despicable POS. https://t.co/HCLtAwd5ys
Send prayers, good vibes to Texas. Had hoped it wouldn't intensify as rapidly as predicted. Now a Cat 4üòïWill be tracking #harvey #txwx https://t.co/WV1eLt0HAN
Pound sand 45. You're pure evil. Transgender ban, pardon Arpaio while attention of us on #Harvey  You're the disaster. #ImpeachTrump üçäü§°üò°üò° FU https://t.co/KOBY61iGLW
Update from our üêà on the scene Apollo. @ Roger Deards Texas BBQ and All Other Grub https://t.co/eIWtfm15cJ
Fun workout sesh @onnitacademy with my goddess killermilller. Working those legs like a BOSS!‚Ä¶ https://t.co/wD1C6B9dLo
Some CD's I picked up at Goodwill the other day...theyre all in excellent condition, but at a‚Ä¶ https://t.co/W4FvDIurLv
#wyattsgarage #texas #hurricaneharvey #harvey #harveyhurricane #hurricane #give #share #giveback #love #texasflood #flood #kidshelpingkids https://t.co/oyZxeGRuap
Interested in a #job in #Houston, TX? This could be a great fit: https://t.co/v0ynYK0Tmc #Manufacturing #Hiring
Can't help but keep an eye on this historical #storm. #hurricane #harvey threatening the Texas coastline. Stay safe friends and family! https://t.co/KSzO0cobTS
.@Jeff_Piotrowski on #Periscope: Live #HurricaneHarvey damaging in #Fulton area.#txwx @noaa @weather  https://t.co/sipbesGSRa
@kylegriffin1 I was trying to work out ways Trump could possibly screw up #HurricaneHarvey ... then he banned Transgender troops and pardoned Joe Arpaio.
Please don't leave your animals behind if you must evacuate where you are! ‚ù§Ô∏èüê∂üê± #HurricaneHarvey #Harvey2017 https://t.co/gpgyC6LGVh
Things Trump did today while everyone was focused on #HurricaneHarvey: 1. Signs ban on transgender recruits from military 2. Pardons #Arpaio
Which way do I go? Port Lavaca?
#Harvey #HurricaneHarvey  https://t.co/0b3tB4HCDp https://t.co/lc22iZSuDM
So he's pardoned Arpaio &amp; banned transgendered persons from serving in military as Cat 4 #HurricaneHarvey bears down on US. Enough! #resist
Interesting to see the mb pressure not dropping, lower pressure = bigger storm? @JimCantore @Paul_Goodloe @TWCErikaNavarro #hurricaneharvey
At @ampmah to get her ears checked out #designkitten contemplates the #ergonomics of a cat‚Ä¶ https://t.co/29c3bsjSsD
@NickJFuentes @greeneyedbecky I am afraid FIRE AND FURY will fall on death ears with #HarveyStorm. but Trump has this.. #Harvey2017 beware.. #TexasStrong has this #MAGA
